Business situation,Confidence indicator,Construction,Hours,Orders,Interest rate spread,Share prices,CLI,Gross Domestic Product (GDP)
-7.6,72.08822738,99.54427378,40,100.7041966,-3.02,6.326556129,98.57152163,101.6045333
0.4,71.98063301,99.35262429,40.1,100.4104298,-1.72,6.541523234,98.28414641,101.2580611
-12.8,60.79081861,99.21488121,39.9,100.0054844,-4.44,5.894791142,98.00982236,100.8356351
-25.2,56.70223258,99.13921804,39.8,99.58612806,-6.14,5.790050973,97.85834969,100.3892037
-41.2,55.62628889,99.12399388,39.3,99.28751282,-0.8,6.078551383,97.91196737,99.98637703
-39.4,63.15789474,99.15838046,39.2,99.22670174,0.31,6.479213203,98.20077651,99.68842956
-30,67.03129203,99.22543337,39.1,99.39481098,1.22,6.789402396,98.66081669,99.52612867
-9,72.41101049,99.30395644,39.5,99.70714698,1.49,7.018505781,99.17774785,99.50878987
0.2,79.29705012,99.37001394,39.6,100.0939064,0.64,7.240799347,99.62880656,99.62317186
11,80.69577692,99.40276536,39.8,100.4424376,-1.06,7.444010859,99.92501862,99.839142
16.4,82.5248812,99.38549305,39.9,100.692308,-3.17,7.738815787,100.0432945,100.1106019
6,69.39836815,99.30782335,40.1,100.8554538,-6.06,7.59436205,100.0243234,100.3865854
-1.6,76.82237963,99.1667815,40.1,100.9431197,-6.51,7.550430651,99.9367228,100.6185437
-2.4,71.98063301,98.96583797,39.8,101.0107278,-2.74,7.280318538,99.82676413,100.7701697
-0.8,71.55025554,98.71718326,40,101.0771852,-1.58,7.571450046,99.71702659,100.8304288
3.2,77.89832332,98.4333979,40.1,101.1180791,-2.04,7.685257148,99.57972455,100.8176875
7,82.09450372,98.12917177,40.2,101.0786634,-4.42,7.554263916,99.38830578,100.7635051
1.4,78.65148391,97.82303712,40,100.9364411,-5.63,7.605068794,99.15629122,100.687104
-6.6,79.7274276,97.53166714,39.9,100.6830912,-4.76,7.425050783,98.91396488,100.5728678
-3.4,83.06285304,97.26787366,40,100.3303621,-2.88,7.451367899,98.66537378,100.3895622
-15,78.65148391,97.04235456,39.6,99.92016161,-0.55,6.770683891,98.39127848,100.1120696
-20,75.63884157,96.86258158,39.6,99.50389525,0.07,6.873012897,98.10328966,99.74757162
-27.8,67.24648077,96.73330449,39.4,99.14654954,0.08,7.08000635,97.82038501,99.32119112
-24.4,69.18317941,96.65691241,39.2,98.88585602,1.35,7.111047385,97.5644737,98.86770327
-23.6,76.39200215,96.63329096,37.3,98.73160501,1.37,6.725087019,97.32373268,98.42767984
-23.4,71.55025554,96.66276869,39.6,98.62640646,-0.35,6.552295069,97.08102136,98.03658021
-26.4,66.70850892,96.74423496,39.1,98.51889555,-0.82,6.324361287,96.86241416,97.71314044
-24.4,70.47431184,96.87601171,39.1,98.364559,-1.07,6.631616063,96.71001314,97.44433051
-29,72.62619923,97.05669336,39.1,98.16068155,-0.83,6.641652341,96.63888611,97.20564083
-23.4,70.68950058,97.28369416,39.2,97.94372929,0.15,6.248705557,96.65468775,96.97675805
-23.2,70.36671748,97.55609666,39.2,97.73640894,1.36,6.221204958,96.74662299,96.75462208
-23.4,70.36671748,97.86823336,39,97.55473069,2.94,6.230020909,96.90222112,96.54893665
-22.4,74.56289788,98.21700365,39,97.43645395,2.03,6.952615584,97.12495277,96.3770327
-21.2,78.97426701,98.59608773,38.9,97.38696563,1.2,7.536480168,97.40956856,96.25740087
-21.6,77.57554021,98.99671102,39,97.42191854,1.35,7.897333134,97.76630586,96.20893156
-14.4,77.36035147,99.4065667,39,97.54894429,1.59,7.951669213,98.20310556,96.2461594
-8,75.74643594,99.81367195,39.3,97.71686558,1.78,8.244418474,98.70855971,96.36907311
8.8,80.26539944,100.2019623,39.3,97.89679729,2.21,8.391661964,99.25866731,96.57125576
7.8,86.93625034,100.5591445,39.6,98.12636842,1.74,8.665580013,99.82588028,96.84134131
8.4,95.86658298,100.8798585,39.7,98.4052363,1.6,8.972831398,100.3800015,97.15826608
12.2,100.3855465,101.1607642,40,98.7268943,1.75,9.369154428,100.8891658,97.50030719
15,99.20200843,101.3947731,40.1,99.08767595,1.87,9.549046947,101.3239174,97.85036764
27.2,99.84757464,101.5791764,40.3,99.45744746,2.01,9.580489856,101.6698529,98.19907229
26.2,97.80328163,101.7130561,40.3,99.84388985,2.29,9.305113337,101.9277389,98.54234737
25,96.72733794,101.7984327,40.6,100.2475952,2.2,9.576199683,102.1161942,98.87859136
28.8,96.08177172,101.8423431,40.6,100.632213,2.06,9.584584248,102.2426301,99.20572812
32,98.01847037,101.8499613,40.6,100.9537384,2.35,9.448442089,102.3121722,99.52082643
39.8,101.3538958,101.8246501,40.5,101.202269,2.36,9.400146106,102.3266165,99.81992205
21,107.7019636,101.7690898,40.6,101.373153,2.11,9.531850675,102.2892814,100.0982721
22.6,104.7969156,101.6822319,41.1,101.4509303,2.25,8.972541061,102.1900811,100.3495365
17.8,108.6703129,101.5657196,40.7,101.424349,2.41,8.978226494,102.0224897,100.5660578
22,103.3981888,101.4301044,40.8,101.2944623,2.34,8.978722448,101.7939876,100.7407255
17.2,105.5500762,101.28136,40.7,101.1242492,3.09,8.919741712,101.5311325,100.8671021
16.2,102.7526226,101.1270864,40.6,100.9448359,2.5,8.742867517,101.2554267,100.9422343
12.2,103.9361607,100.9741227,40.6,100.7872547,2.13,8.625086223,100.9954779,100.9726152
6,106.6260199,100.8313911,40.5,100.6400062,1.08,9.317769297,100.7680723,100.9683409
0,108.5627186,100.707026,40.5,100.5158637,1.22,9.475889106,100.5880496,100.9402592
1.6,103.6133776,100.604217,40.5,100.4410828,2.17,9.41670814,100.4610616,100.8994419
0.6,102.9678114,100.5260212,40.4,100.4043556,2.14,9.498794086,100.3750095,100.8554641
1.2,99.95516901,100.4717379,40.5,100.3653652,3.12,9.382779124,100.3108915,100.8154947
0.6,103.2905945,100.4402743,40.3,100.321134,3.03,9.815165884,100.261227,100.783518
-0.2,100.815924,100.428494,40.1,100.2557179,3.01,10.3715445,100.2144855,100.7623673
-4.4,100.815924,100.4334492,40.4,100.2036802,3.28,10.29142097,100.1760158,100.7550781
-3.6,101.7842733,100.4511164,40.5,100.1959039,3.16,10.36456292,100.1446762,100.7653745
-5.8,98.77163095,100.4804574,40.4,100.2269725,2.88,10.59651962,100.1169843,100.7954522
-4.4,103.8285663,100.5232358,40.5,100.2659459,2.63,10.84757589,100.0931422,100.842435
-4.2,101.1387071,100.5797287,40.4,100.2793191,2.43,11.05606659,100.0639062,100.8933421
-4.6,99.41719717,100.6490401,40.6,100.2691944,2.43,10.80291495,100.0374522,100.932267
-0.2,99.09441406,100.7281792,40.6,100.2252643,2.45,10.55841563,100.0185035,100.9471792
1.8,95.1134224,100.8136499,40.7,100.156174,2.25,10.65283491,100.0128826,100.9374946
4,97.80328163,100.8990669,40.7,100.0871161,1.73,11.28277833,100.0264306,100.907555
1.4,101.0311127,100.9787924,40.9,100.0387363,0.99,11.81691686,100.0552808,100.8618651
2.4,102.860217,101.0439994,40.7,99.96737067,1.05,11.89890214,100.0793481,100.8018094
2,103.1830001,101.0891563,40.7,99.83962031,0.84,12.52000047,100.0878213,100.7275735
2,102.3222451,101.1123509,40.7,99.66604231,0.3,13.26670391,100.0812901,100.6411064
-0.6,103.5057832,101.1130854,40.5,99.47301394,0.31,13.59399431,100.0678921,100.5501019
6.8,101.999462,101.092427,40.7,99.30640714,0.86,13.60329315,100.0520124,100.463112
1,106.8412086,101.0539957,40.7,99.1847387,0.88,13.94495082,100.0235472,100.3850987
-4,105.1196987,101.0021303,40.6,99.10489583,0.74,13.69766877,99.97914057,100.3128156
5.2,102.1070564,100.9419772,40.7,99.05695874,1,13.95490081,99.93230101,100.2400651
4.8,98.87922532,100.8774864,40.7,99.04793829,1.56,13.57344321,99.89148694,100.1625616
2.4,102.860217,100.8131816,40.6,99.05328054,1.58,13.54146474,99.86649309,100.0828553
2.4,98.34125347,100.750504,40.7,99.08228192,1.21,13.94780725,99.87748817,100.0072273
1,95.86658298,100.6880523,40.8,99.14037565,0.2,14.07403949,99.9483659,99.94286172
9.8,97.26530978,100.6211034,40.8,99.22301435,0.65,14.97067755,100.0883795,99.89484923
5.2,97.05012104,100.5474438,41.2,99.3575712,1.15,15.86817793,100.2767575,99.86675414
10,97.69568726,100.4664966,41,99.52230453,1.12,16.4820559,100.4731937,99.86009632
11,99.84757464,100.3809258,40.8,99.68611366,1.65,16.22883959,100.6525455,99.87249453
14.4,98.01847037,100.2946032,41,99.81615478,1.76,16.14231801,100.8008488,99.90132373
14.8,98.44884784,100.2096897,40.9,99.90394866,1.67,16.79351352,100.9040282,99.94606394
15,100.815924,100.1282558,41,99.94788859,1.87,17.25948029,100.9451292,100.0095439
18.6,101.5690846,100.051355,40.9,99.96081958,2.03,18.23986427,100.9053253,100.0940515
20.2,100.7083296,99.97901068,40.8,99.99228861,2.2,17.67034265,100.7892503,100.1961827
21.4,96.08177172,99.91233601,41.1,100.0524499,2.23,15.56062479,100.6238654,100.3002441
17.6,89.41092083,99.85607092,41,100.1319893,2.17,13.58801429,100.4566326,100.3880015
22,93.39191249,99.81409747,41,100.2252123,2.22,13.35749665,100.3402706,100.4483559
15,97.69568726,99.79420564,41.1,100.3220562,1.84,13.91833919,100.281266,100.488237
12.4,98.55644221,99.80049035,41.1,100.4108636,1.63,14.37272735,100.2715288,100.5214228
9.2,101.7842733,99.82998937,40.9,100.4912686,1.79,14.84251237,100.3005559,100.5589399
11.6,98.12606474,99.87664293,41,100.5790932,1.85,14.70187216,100.3550577,100.6000994
11,101.999462,99.93555092,41,100.6892844,2,14.35852844,100.4233535,100.6398143
18.6,101.8918677,100.004636,41.1,100.8165838,1.41,15.12443681,100.4862693,100.6757496
16.4,100.4931409,100.0798126,41.1,100.9484853,1.31,15.06436838,100.5244153,100.715675
12,104.7969156,100.1565162,40.9,101.0912922,1.25,14.7806537,100.5416194,100.7705614
9.2,104.6893213,100.2298157,41,101.2485581,0.79,15.00060777,100.5460707,100.8475573
11,101.2463014,100.2945679,41.1,101.421967,0.5,15.48469156,100.5453514,100.9420427
11.2,100.0627634,100.3454783,41.1,101.5942909,0.61,15.11941439,100.5399796,101.0436912
12,98.87922532,100.3787005,40.9,101.7297326,0.35,15.38438896,100.5231176,101.1413872
9.4,105.3348875,100.3929418,41.1,101.7425288,-0.03,15.88491631,100.4746641,101.227765
8.2,102.6450282,100.3897395,41.2,101.6354716,-0.19,16.34780231,100.3779979,101.2979869
3,101.4614902,100.3754916,41.1,101.4485458,-0.49,16.30055642,100.2396541,101.3494733
4.4,98.44884784,100.3563124,41.1,101.2121619,-0.66,16.77250107,100.083841,101.3829323
-1.4,97.58809289,100.3370925,41,100.9682137,-0.95,17.35978309,99.93443985,101.3998287
-5.4,97.48049852,100.3197306,40.9,100.766313,-1.25,17.90098652,99.8189289,101.4013056
-8.2,98.98681969,100.302547,40.9,100.6136968,-1.22,18.33109102,99.74821665,101.3884572
-9.8,96.40455483,100.2831465,40.9,100.5271234,-0.88,19.10660671,99.72067469,101.3635229
-8,103.0754057,100.2603993,40.8,100.5121721,-0.83,19.11224978,99.72301001,101.3322647
-6.4,101.0311127,100.230884,40.8,100.5494074,-0.83,19.06243597,99.73584274,101.3073562
-6.4,97.80328163,100.187813,40.7,100.6309318,-0.68,18.66268275,99.75695594,101.3012067
-5.2,97.37290415,100.1261481,40.5,100.6995391,-0.61,19.07521297,99.78394299,101.3185301
-5.6,100.0627634,100.0408934,40.5,100.7378101,-0.02,18.56648324,99.81453878,101.3477243
-1.8,96.29696046,99.92471867,40.6,100.795251,0.23,18.07759499,99.84168866,101.3692783
-0.2,98.23365911,99.77821269,40.7,100.8594342,0.31,18.44583409,99.84085378,101.3634184
0,101.0311127,99.60789302,40.5,100.8890762,0.53,18.38140845,99.77293036,101.3184109
-1,97.48049852,99.42094032,40.6,100.8858655,0.58,18.949234,99.61850074,101.226002
-1.6,95.00582803,99.22466446,40.7,100.8326428,0.19,19.47705598,99.35989829,101.0797761
-6.8,94.89823366,99.02581021,40.6,100.7276417,0.32,19.47468779,99.00229827,100.8770098
-7.8,82.20209809,98.83073977,40.5,100.5551222,0.62,17.96866139,98.57391449,100.618342
-11,78.3287008,98.64621332,40.5,100.3232305,0.69,17.1543156,98.14065449,100.3115534
-13.6,68.75280194,98.47817098,40.4,100.0306344,0.61,16.64209009,97.76498786,99.97931331
-17.4,71.01228369,98.33327001,40.2,99.69339128,0.58,17.05451415,97.50615558,99.65030305
-18.4,70.47431184,98.21576052,40.3,99.38690458,0.77,17.782713,97.40472608,99.3524444
-21.6,71.87303864,98.13333345,40.2,99.12335221,1.18,17.62213018,97.46022747,99.10619652
-21.2,75.74643594,98.09193812,40.1,98.93246818,1.6,19.58308318,97.65703154,98.92498002
-18.6,94.36026181,98.08875812,40,98.83559035,1.99,20.15920818,97.94787944,98.81194344
-14.4,88.01219403,98.12084887,40.1,98.8657353,2.13,20.56991539,98.27768541,98.75204436
-11,84.24639111,98.18290169,40.1,98.99891073,2.29,20.4927119,98.60790238,98.72431385
0.6,88.33497714,98.26972467,40.5,99.18101737,2.38,20.5305597,98.90909928,98.71013304
1.2,89.19573209,98.37557339,40.5,99.36306463,2.45,20.62734439,99.13902917,98.69913751
5.8,88.22738277,98.49580416,40.6,99.43698914,2.24,21.12645735,99.26296939,98.68869287
9.8,89.30332646,98.6268304,40.6,99.40972052,2.2,21.04894394,99.28689113,98.68307519
6.2,84.24639111,98.76534726,40.6,99.3158314,2.32,21.1034106,99.24018703,98.69252619
-1,74.34770914,98.90643253,40.7,99.17716438,2.61,21.11836279,99.17196326,98.72877004
-6.4,73.37935981,99.04500979,40.7,99.0211404,2.66,21.21872649,99.13975171,98.79936113
-5.4,72.62619923,99.17651313,40.6,98.91140619,3,22.71158724,99.18369428,98.89997601
5.4,74.02492603,99.29525984,40.7,98.8592482,3.28,22.59063366,99.29631376,99.02118059
9.2,81.77172061,99.39732112,40.7,98.88944944,3.56,22.30277704,99.44891035,99.15285038
5.2,83.06285304,99.48079461,40.9,98.95781607,3.75,22.23713009,99.58757581,99.28694509
11.4,85.21474043,99.54943193,40.9,98.99738779,3.57,22.63904492,99.67580646,99.41736283
7.2,86.50587286,99.60468169,40.8,98.98776102,3.5,22.24978398,99.70274992,99.53943631
7.8,82.41728683,99.65022732,40.8,98.95085571,3.59,22.59568197,99.69362725,99.6495
6.8,81.87931498,99.68849346,40.8,98.91300316,3.29,22.78406691,99.68529638,99.74313977
-0.6,81.34134314,99.71997202,40.7,98.9002213,3.2,22.78986474,99.71643923,99.81410852
0.6,78.86667264,99.7468932,40.8,98.91113703,3.49,22.47701807,99.80860969,99.85423177
7.2,91.77799695,99.77094916,40.9,98.91684837,3.78,23.05812892,99.94162159,99.85606999
8.4,97.910876,99.79546364,40.9,98.93162602,3.85,23.71525806,100.0607914,99.81759541
11.6,96.08177172,99.8241421,41.1,98.95055816,3.58,23.73477072,100.118907,99.74937312
10.4,93.17672375,99.86094394,41.1,98.98568749,3.23,24.10518691,100.1037702,99.66673173
7,92.42356317,99.90981267,40.8,99.00832583,2.91,24.57130319,100.0212574,99.58393542
0.4,92.10078006,99.97492092,41.5,99.02299195,3.01,24.234958,99.89974044,99.50929471
2.4,86.39827849,100.0539572,41.1,99.02360105,3.04,24.36321176,99.75826035,99.44862269
-0.8,87.68941092,100.1446487,40.9,99.02045426,2.92,24.47690969,99.63909376,99.40792459
0.4,82.84766431,100.2448198,41.1,99.01116793,2.75,24.54491934,99.57367206,99.39490866
1.4,83.17044741,100.3519837,41.1,99.01571512,2.65,24.94887904,99.58523852,99.41683516
1.6,83.81601363,100.4618815,41.3,99.04773195,2.27,25.23904096,99.67917412,99.47621537
6.8,88.98054335,100.5694756,41.3,99.12202571,2.34,25.50330195,99.84646059,99.56380023
7.6,87.36662781,100.6696009,41.3,99.22188513,2.7,25.34481582,100.0591179,99.66661399
11.2,94.89823366,100.7586743,41.4,99.35223174,2.81,25.52289236,100.2946103,99.77371393
12,101.4614902,100.8329633,41.4,99.49528579,2.7,25.95653232,100.5151194,99.88063979
13,100.2779521,100.8934343,40.9,99.62851969,2.72,25.94261656,100.6950424,99.98576093
13.8,98.44884784,100.9364419,41.7,99.76049167,3.14,25.48287049,100.8301352,100.0864068
14.8,99.63238591,100.956306,41.7,99.90017914,3.41,24.55667463,100.9162278,100.1748973
16.4,99.84757464,100.951781,41.8,100.0380788,3.17,24.71439906,100.9550898,100.2427349
17.6,98.12606474,100.9229043,41.8,100.1596461,2.85,24.87754191,100.9520862,100.2854418
17,95.75898861,100.8727955,41.8,100.2567585,3.04,24.68768775,100.9204403,100.308636
16,98.66403658,100.8032004,41.7,100.3370558,2.77,25.36023633,100.8738555,100.3202293
18,98.44884784,100.7161545,41.6,100.4088002,2.73,25.51084805,100.813478,100.3238386
18.8,99.73998027,100.6137796,41.8,100.4762244,2.98,25.27445682,100.7325967,100.3128701
18.4,98.55644221,100.4993544,41.8,100.5220536,2.67,25.00329194,100.6105413,100.2765899
12.2,102.3222451,100.3772461,41.8,100.5366509,2.36,24.62429174,100.4372893,100.2070272
14.8,105.0121044,100.2545729,41.8,100.5118591,2.25,25.1106233,100.2079221,100.1074473
10.2,102.3222451,100.1398053,41.7,100.4567877,1.55,25.93256565,99.92425056,99.9870212
4.2,97.15771541,100.0414889,41.5,100.3709025,1.22,26.42236397,99.61429674,99.85750818
3,99.52479154,99.96636259,41,100.27388,1.01,27.17154929,99.32575088,99.73132091
-6.6,96.61974357,99.9162573,41.1,100.1795411,0.62,27.90741781,99.09781704,99.61901723
-8.2,99.73998027,99.889859,41.2,100.1083891,0.17,28.67153433,98.94588837,99.52646198
1.4,101.5690846,99.88380382,41.1,100.0865381,0.43,29.52860835,98.85791839,99.45088802
-5.8,103.5057832,99.89148873,41.2,100.1156018,0.75,29.71381419,98.8028603,99.38663868
-3.8,95.65139424,99.909484,41.2,100.1550807,0.4,30.73980902,98.75509123,99.32947747
-6.6,97.05012104,99.93520266,41.2,100.1661535,0.28,30.8753734,98.714955,99.27989402
-8.2,94.89823366,99.96544088,41.3,100.1567628,0.13,31.44986332,98.69570089,99.24239359
-7.6,97.910876,99.99596484,40.9,100.1282728,0.11,32.47174942,98.71059378,99.22409704
-9,96.08177172,100.0237189,39.7,100.0749414,0.09,32.60314775,98.76999951,99.23233301
-8.2,95.22101677,100.0463773,41.3,100.0453337,0.59,34.30991134,98.88041965,99.27221725
-6.2,100.815924,100.0626044,41.1,100.068067,0.96,34.33728471,99.03096384,99.34216063
-1.4,99.73998027,100.0700839,41.2,100.0975416,1.29,34.41352628,99.18989926,99.42690475
-1.8,96.18936609,100.0662097,41.4,100.1256929,1.5,35.1403177,99.33873304,99.50691118
7.2,99.41719717,100.0503234,41.5,100.1246283,1.64,35.48435617,99.45979446,99.56645869
-0.6,101.8918677,100.0231008,41.4,100.0951665,1.47,34.21694107,99.54466626,99.60186766
3.2,102.5374339,99.98598394,41.5,100.0606163,1.42,35.11519624,99.61200469,99.61584559
2.2,101.8918677,99.94056446,41.6,100.0523514,1.53,35.74650318,99.67603759,99.61337899
1,103.8285663,99.89149182,41.4,100.0467059,1.29,36.99174608,99.74128734,99.59900806
6,106.7336143,99.84401286,41.5,100.0343662,0.89,38.49856915,99.81527433,99.57817851
10.4,104.2589438,99.80095237,41.7,100.0123922,1.01,38.78163074,99.89468313,99.5593001
7.6,104.7969156,99.76631715,41.4,100.027594,1.33,39.96729569,99.98779194,99.55612862
6.2,107.2715861,99.74143474,41.6,100.095757,1.23,41.4509579,100.1021058,99.58212748
7.6,107.5943692,99.72420553,41.8,100.1894967,1.3,41.26776505,100.2253875,99.64363401
7.4,109.1006904,99.71441853,41.8,100.3026599,1.38,39.7115855,100.3533064,99.73081727
12.2,111.037389,99.71224991,41.7,100.4279464,1.21,42.91641683,100.4811145,99.82673791
9.8,112.4361158,99.71871682,41.6,100.5719609,0.93,45.26382314,100.603539,99.91437211
15.4,115.2335694,99.73419787,41.6,100.7055812,0.7,47.62737116,100.7106649,99.98286958
12.6,112.3285215,99.75996223,41.7,100.8029768,0.76,47.68658797,100.7877005,100.0263287
7.8,114.0500314,99.79577739,41.7,100.8620183,0.67,48.49961878,100.8392161,100.0438236
12.8,113.6196539,99.83868849,41.8,100.8785194,0.53,49.44086035,100.8663978,100.0411069
11.4,115.3411638,99.88703824,41.8,100.8412571,0.36,48.73144897,100.8643553,100.0263177
9,109.853851,99.93924702,42,100.7254757,0.31,49.97652819,100.8321332,100.0070974
7.6,114.6955976,99.9938303,41.9,100.6028703,-0.02,49.9244981,100.7857287,99.98855089
5.8,118.7841836,100.0500004,41.7,100.4957517,0.06,52.69964322,100.7250869,99.97472022
5.8,114.5880032,100.1063294,41.6,100.3867653,0.16,55.52619633,100.6337457,99.96997943
4.4,116.9550794,100.1629752,41.2,100.2825568,0.19,57.24488125,100.5091558,99.98007029
1.8,114.5880032,100.2199371,41.5,100.1655343,0.16,56.88942763,100.3528382,100.0110868
-2.2,113.6196539,100.275564,41.4,100.0597026,-0.06,56.42338722,100.1750921,100.0674015
-1.6,113.1892764,100.3265194,41.4,100.0177661,-0.08,58.07057791,100.0036201,100.1480916
-1.4,112.3285215,100.3700038,41.4,100.053608,-0.21,53.39362282,99.86008112,100.2485229
-2.6,108.5627186,100.4049717,41.3,100.1272478,-0.7,50.16512354,99.77339949,100.3601547
-2.6,104.7969156,100.4299892,41.4,100.2117943,-0.54,50.65312614,99.77463796,100.4689075
-3.6,110.4994172,100.4413875,41.4,100.3047651,0,55.87900965,99.86674341,100.560231
-6.4,108.1323411,100.437209,41.5,100.3947465,-0.03,57.03838456,100.0167804,100.6243799
1.2,111.7905496,100.4155429,41.3,100.4843308,0.09,58.96621919,100.2020275,100.6629347
3.4,116.3095131,100.3777452,41.4,100.5472202,0.24,58.29972861,100.3905883,100.6839927
4.8,113.7272483,100.3277865,41.3,100.5870815,0.42,59.78408024,100.5601716,100.6992327
4.6,112.5437102,100.2705257,41.3,100.622837,0.44,62.16686209,100.7086701,100.7223133
8.6,114.9107863,100.2117037,41.4,100.676422,0.8,62.94555275,100.8359422,100.7658169
11.6,115.4487582,100.1535167,41.3,100.753863,1.14,62.34271254,100.9326629,100.8377479
7.2,114.0500314,100.0971261,41.4,100.8643243,0.8,64.25429781,101.0019582,100.9366631
9.6,112.4361158,100.0407351,41.5,100.9841347,0.87,61.50059645,101.0524003,101.0551004
14,115.3411638,99.98322,41.4,101.101186,0.7,60.1979431,101.0967946,101.181117
14.4,111.037389,99.92365026,41.4,101.207763,0.91,59.32374063,101.1425937,101.2984982
16.2,115.3411638,99.86083127,41.4,101.2866059,0.61,62.80750534,101.190405,101.3933902
15.6,113.4044652,99.79321809,41.4,101.3487639,0.98,63.19875378,101.224034,101.4616406
13.4,120.5056935,99.71969496,41.5,101.3607316,1.21,62.8660189,101.2198656,101.5178025
11.6,119.752533,99.64128389,41.5,101.3201874,0.79,59.92386591,101.1629631,101.5800741
9.8,115.2335694,99.55993043,41.4,101.2945726,0.41,61.62468396,101.0780822,101.6562373
9.4,117.4930512,99.47843377,41.6,101.278884,-0.03,64.01819201,100.973132,101.7292926
6.4,119.1069667,99.39943943,41.2,101.2519101,0.17,63.33833308,100.8432338,101.7726029
2.8,114.4804089,99.326953,41.3,101.2306442,-0.43,64.33156961,100.696473,101.7653502
5,116.5247019,99.26448292,41.5,101.2038366,-0.49,64.67894484,100.533435,101.7101697
-0.2,115.4487582,99.21492832,41,101.1663171,-0.67,65.9681387,100.3411365,101.6191704
-0.6,114.9107863,99.17853689,41.1,101.0936951,-0.72,66.1083438,100.1168452,101.5035353
-2.6,113.8348426,99.1547412,41.1,100.9411741,-0.77,64.02615289,99.84560061,101.3659346
-3,115.7715413,99.14161245,41.1,100.7397523,-0.79,63.9463568,99.53639737,101.2052481
-12.2,105.8728593,99.13693246,40.4,100.4944435,-1.16,63.89025603,99.20293047,101.0229921
-17.2,101.8918677,99.13794992,40.6,100.2256222,-0.82,64.42541431,98.89826559,100.8314777
-17.8,97.48049852,99.14120541,40.5,99.97942951,-0.39,64.1760047,98.6642619,100.6445566
-14.8,98.44884784,99.14366951,40.5,99.75137924,-0.42,59.75940355,98.51255096,100.4693252
-13.8,95.1134224,99.14430109,40.4,99.53302668,0.34,60.09291749,98.43568309,100.2977737
-16.2,98.98681969,99.14219523,40.4,99.33020669,1.18,63.83125188,98.41111274,100.1173773
-12.2,99.63238591,99.13808646,40.3,99.12079112,1.31,62.47471836,98.3896092,99.92141778
-10.6,99.41719717,99.13268048,40.6,98.90504624,1.47,60.79871952,98.34899069,99.71991709
-3.4,98.44884784,99.12771426,40.3,98.70818132,1.32,59.86570468,98.2918632,99.5308403
-4.6,88.01219403,99.12663287,40.2,98.54439982,1.66,54.5954165,98.25469602,99.37193776
-19,88.98054335,99.1314496,40.1,98.43430299,2.08,55.06463998,98.30023241,99.2519385
-10,90.27167578,99.14312844,40.1,98.36416458,2.56,56.99182793,98.45169477,99.1734759
-6.6,95.54379987,99.16014945,40.2,98.35507599,3.27,57.73237684,98.69010389,99.13324101
-1.8,100.0627634,99.18006792,40.2,98.40413344,3.31,57.6208309,98.96630659,99.11917397
6.4,97.58809289,99.1988322,40.2,98.49727815,3.17,56.4110585,99.22823262,99.11629257
10,102.9678114,99.21340087,40.5,98.58792111,3.55,59.49041955,99.42538876,99.11062397
8.8,100.0627634,99.22580947,40.6,98.66428871,3.46,58.18820732,99.50771676,99.09233624
10.4,104.2589438,99.23782268,40.6,98.71841281,3.41,57.02320315,99.45739626,99.05468257
11.6,99.41719717,99.24888597,40.7,98.74657675,3.18,53.90806498,99.2821073,98.99384581
2.4,94.79063929,99.26029984,40.4,98.75765531,2.92,48.25621663,99.02908751,98.91015142
1.8,94.25266744,99.27452548,40.5,98.72176559,2.52,48.70764521,98.75861212,98.80682421
2.6,92.63875191,99.29273602,40.5,98.63615769,2.12,46.76303699,98.50735695,98.6903699
0,86.7210616,99.31431633,40.3,98.54858265,2.19,45.54277497,98.30934061,98.57234296
-1.6,90.59445889,99.34108925,40.4,98.47747061,2.71,47.87475011,98.17834641,98.46638433
6.2,93.28431812,99.37276438,40.5,98.43584064,2.79,47.52484613,98.09035352,98.38541125
5.6,88.65776024,99.40977481,40.3,98.44191329,2.81,47.34989414,98.02625863,98.33797828
-0.2,85.96790101,99.45382544,40.3,98.46994098,2.64,44.3759913,97.99584007,98.33093781
-7.2,83.49323052,99.50894932,40.4,98.49733768,2.56,44.24552657,98.02797609,98.36964986
-7,92.53115754,99.57659171,40.1,98.53336807,2.7,46.62976254,98.14698796,98.45524804
0,99.09441406,99.65731807,40.2,98.58674822,2.31,49.36493271,98.34759557,98.58580642
1,96.5121492,99.74760191,40.3,98.66282363,2.11,52.29275612,98.6055593,98.75404331
4.6,97.80328163,99.84232844,40.1,98.76170119,2.97,52.14393454,98.90791621,98.94167254
11,96.08177172,99.93728706,40.2,98.88564589,3.42,52.26896714,99.24487035,99.1267392
8.8,94.36026181,100.029058,40.5,99.02715435,3.26,53.80063996,99.60585898,99.28951324
14.4,96.40455483,100.1135716,40.6,99.15383407,3.28,55.20531337,99.97158772,99.41853665
21.2,100.815924,100.1877921,40.9,99.24010433,3.3,56.13242779,100.3121928,99.50857343
26.2,99.63238591,100.249978,40.7,99.29484776,3.29,58.51984811,100.5976177,99.5608885
25.8,111.6829553,100.3029112,40.9,99.33600949,3.15,61.47464484,100.812547,99.58623624
24.4,101.5690846,100.352387,41,99.38130929,3.07,62.40278949,100.9412518,99.59867503
24.6,103.0754057,100.4037772,40.9,99.4184389,2.83,61.57738699,101.001002,99.61131647
26,101.3538958,100.4575651,40.7,99.42139428,3.35,61.84449784,101.0027562,99.63303901
25.8,97.05012104,100.5152225,41.1,99.40200898,3.72,59.72372009,100.9646753,99.66953005
23,102.860217,100.5793015,40.8,99.38237002,3.7,61.33125539,100.8952339,99.72369998
23,104.043755,100.653341,40.8,99.37100555,3.24,60.38981139,100.7999314,99.79506022
19.2,103.1830001,100.7371315,40.8,99.37714518,2.85,59.49894237,100.6935007,99.88151701
16,101.3538958,100.8312606,40.7,99.41653211,2.52,61.34567862,100.6002321,99.97995999
13.6,98.66403658,100.9375012,40.6,99.48229664,2.34,61.89984935,100.5368993,100.0858051
13.8,99.84757464,101.0552543,40.5,99.57446723,2.26,64.97321633,100.5112944,100.1933684
17.2,104.4741325,101.1861724,40.6,99.66512692,2.07,66.849361,100.4994169,100.2957637
12.6,102.7526226,101.3253805,40.7,99.74413632,1.94,66.09673028,100.468857,100.3847427
11.2,101.2463014,101.4679673,40.7,99.81639374,1.67,67.84699943,100.4134729,100.4530269
10.6,99.63238591,101.6120198,40.4,99.90186217,1.87,68.08076825,100.3434057,100.4976893
7.6,94.36026181,101.7607119,40.4,100.0384803,1.55,66.29041375,100.291294,100.5251045
3.6,93.49950686,101.9115409,40.4,100.2087901,1.14,66.47941434,100.2801103,100.5452473
8,103.2905945,102.0618592,40.4,100.3607952,0.96,67.79820393,100.3078095,100.567364
12.8,103.8285663,102.2075093,40.4,100.494096,0.92,69.14153176,100.3517905,100.5963285
7,95.86658298,102.3434879,40.5,100.6715897,0.76,70.08316307,100.4151078,100.6350651
16,82.74006994,102.4640641,40.7,100.8884424,0.58,71.0115887,100.5101547,100.6866354
16.2,79.83502197,102.5631324,41,101.1338475,0.68,69.0557416,100.64716,100.7557891
14.6,87.79700529,102.6360204,40.9,101.3640107,0.54,71.11320696,100.8125854,100.8451891
11.2,98.44884784,102.6780752,40.8,101.5244486,0.31,72.95638423,100.9702352,100.9505453
9.6,98.12606474,102.686755,41,101.6112029,0.13,74.89481105,101.0916733,101.0544509
10,93.28431812,102.6581446,41,101.6632004,0.08,75.36824912,101.1679597,101.1356317
8.6,95.65139424,102.5959985,41.1,101.6630501,0.13,76.5587281,101.1940755,101.1785187
11.8,94.03747871,102.5090871,41.2,101.606582,0.2,78.15820886,101.1672953,101.1846428
7.6,85.10714606,102.4060158,41.1,101.538556,0.17,78.190427,101.1100973,101.164753
5.4,91.34761947,102.2928073,41.2,101.4920534,0.12,74.79094502,101.0581151,101.1337525
6.8,91.13243074,102.1771189,41.3,101.4849782,-0.15,75.96100669,101.0288312,101.1077484
7,88.22738277,102.0658579,41.2,101.5612962,-0.37,77.68767417,101.0413958,101.0999351
3.8,91.88559132,101.9646754,41.1,101.702749,-0.53,78.53901977,101.1014101,101.1164013
2.2,100.7083296,101.8758574,41.1,101.8277762,-0.52,81.02309451,101.1901091,101.150882
-0.6,99.09441406,101.8026417,41,101.9557523,-0.65,82.98521665,101.2948524,101.1926863
3,98.66403658,101.7425962,41.1,102.0701841,-0.68,85.1180762,101.4065517,101.2335439
-1.4,104.2589438,101.6916416,41,102.1663661,-0.49,85.53719299,101.5143236,101.2741643
3,98.23365911,101.6486222,40.9,102.275154,-0.54,87.57292983,101.6188915,101.319663
1.4,95.1134224,101.6071716,41.3,102.4101781,-0.7,85.42087052,101.7265148,101.3752474
5.6,93.7146956,101.560993,41.3,102.5442889,-0.56,89.44111362,101.8284128,101.4417932
5.6,95.00582803,101.5046635,41.1,102.647092,-0.5,92.02118717,101.9056672,101.5174084
6.8,91.77799695,101.4348119,41.4,102.7359678,-0.15,92.69252328,101.9455802,101.5984397
4.6,97.26530978,101.348186,41.3,102.8207272,-0.26,93.5409655,101.9335049,101.6800548
2.4,89.73370394,101.2447151,41.3,102.8981952,-0.35,88.41668918,101.8666175,101.755994
1,89.73370394,101.1252169,41.3,102.9789664,-0.42,91.48968153,101.7699168,101.8185018
0.8,87.04384471,100.9915788,41.2,103.1024468,-0.23,95.14953103,101.6620441,101.8588874
0,81.87931498,100.8430452,41.3,103.2641825,-0.34,91.09004548,101.5479373,101.8704259
-3.2,81.23374877,100.6805555,41.1,103.4398498,-0.14,91.88257425,101.4381863,101.8530475
1.4,84.35398547,100.5056868,41.1,103.5465353,-0.2,85.92137556,101.3232925,101.820255
-3.4,76.17681341,100.3158843,41.2,103.5615896,0.76,84.64894638,101.1910082,101.7862856
-2.8,74.77808661,100.1080458,41.3,103.4827978,0.9,82.16946086,101.0411551,101.754578
-2.8,67.35407514,99.87879332,41.2,103.2983144,1.4,85.92221848,100.8542746,101.7065234
-0.8,64.3414328,99.62518411,41,103.0104912,1.9,88.26168622,100.6021613,101.6116191
0.4,60.68322424,99.34651191,41.1,102.5920986,2.1,84.26326528,100.250992,101.4389783
0,65.84775397,99.04453787,41,102.0011119,2,78.95064396,99.77021799,101.1723171
-0.2,67.78445261,98.72820389,40.9,101.2294377,1.89,78.31817567,99.1464526,100.8072203
-13,75.63884157,98.40905736,40.5,100.2822487,1.88,74.0719373,98.39204349,100.3550716
-22.2,61.97435668,98.09967091,40.5,99.18734858,2.84,57.41562758,97.56277247,99.85375359
-27.6,59.49968618,97.81377378,40.1,98.0590669,3.14,51.77960732,96.76901871,99.35020999
-35.2,64.66421591,97.56595913,39.8,96.99465776,2.26,51.73661858,96.10138065,98.88700344
-28.8,65.84775397,97.36806831,39.7,96.07895984,2.37,51.37847276,95.61716926,98.48957959
-28.6,60.57562988,97.22608497,39.6,95.4061509,2.65,47.38304886,95.34994787,98.17320734
-27.2,61.65157357,97.13851193,39.3,94.98698461,2.64,44.39097649,95.31563094,97.94506388
-19.2,70.04393437,97.10469374,39.4,94.79784396,2.78,50.01416568,95.50485704,97.8004007
-13.6,73.91733166,97.12040383,39.3,94.78543695,3.11,54.52264472,95.85586814,97.73159135
-9.4,76.17681341,97.1763257,39.6,94.90810184,3.51,56.05993698,96.30467703,97.73100151
-1.8,71.01228369,97.26241711,39.9,95.13649644,3.4,56.34072181,96.79517586,97.78832511
5.6,70.68950058,97.36995402,40,95.42559245,3.43,61.60014573,97.29077448,97.89348736
4.8,79.08186138,97.49178847,40.1,95.74738901,3.25,63.97417304,97.76376975,98.03528308
10.4,75.96162467,97.62219918,40.2,96.09979242,3.27,65.43232482,98.19785939,98.1964465
7.4,72.51860486,97.75628761,40.5,96.48926278,3.28,66.37180201,98.59512182,98.36054835
9.8,78.00591769,97.88658687,40.6,96.92927879,3.47,67.1647054,98.96003483,98.51740877
16.8,80.05021071,98.00632655,40.9,97.40561957,3.62,67.98261532,99.27493398,98.66819041
14.2,79.18945575,98.10852997,40.5,97.83907472,3.56,65.13093536,99.50843433,98.81909604
20.8,79.18945575,98.18860988,41,98.20563286,3.57,68.83686429,99.66393578,98.97528668
19.2,77.68313458,98.24411468,41.1,98.50564523,3.65,71.22053831,99.72638356,99.1345758
15.6,79.18945575,98.27530005,41.4,98.75046932,3.22,65.55707645,99.70493478,99.29034551
10.6,81.77172061,98.28889946,41,98.9450959,3.02,63.38497445,99.63495042,99.4340696
10.2,72.94898234,98.29200518,41.1,99.12109187,2.83,63.66210664,99.57445463,99.55791977
10.4,74.1325204,98.2887798,41.2,99.28805832,2.51,64.83235563,99.56878158,99.65425753
10.6,73.37935981,98.28153335,41.4,99.43140364,2.46,66.91848015,99.62899169,99.71636648
13.8,72.84138797,98.2746498,41.2,99.52926689,2.35,70.0758578,99.744179,99.74097188
16.4,77.03756837,98.27395701,41.3,99.61517853,2.57,71.24582581,99.90597252,99.72812435
17,80.15780507,98.28332692,41.3,99.70272749,3.11,73.43909437,100.0785772,99.68356657
18.6,79.83502197,98.30519299,41,99.80679436,3.22,75.83662968,100.2250133,99.62356386
19.8,83.38563615,98.33866785,41.4,99.90507256,3.42,78.38195634,100.3133677,99.5663182
18.4,72.62619923,98.38704816,41.4,100.0026022,3.27,77.49942284,100.3115359,99.52436385
18.8,75.10086972,98.45035425,41.4,100.0669507,3.36,79.343724,100.2173115,99.49664095
7.8,79.94261634,98.52996353,41.5,100.1228074,3.08,78.79451711,100.041077,99.47788994
12.4,76.929974,98.62542155,41.4,100.1845658,2.91,75.9440547,99.8026152,99.46679057
5.8,68.5376132,98.73430861,41.5,100.2813915,2.93,77.67409385,99.54651399,99.47324928
5.6,59.93006366,98.85467113,41.4,100.4071034,2.2,68.76671492,99.3301018,99.51084523
5.4,63.91105532,98.98587075,41.4,100.5443946,1.9,66.55733728,99.21624434,99.58786698
2.8,65.52497086,99.12464463,41.5,100.7254307,2.08,67.94889866,99.23272854,99.69590523
3,68.96799068,99.26874113,41.5,100.930384,1.93,68.64421106,99.3614904,99.81865113
5.2,75.20846409,99.41379511,41.6,101.1129694,1.91,69.36818262,99.5555341,99.93824494
6.2,80.69577692,99.5586045,41.8,101.214764,1.89,72.31305167,99.74952947,100.0404017
7,81.01856003,99.7035312,41.8,101.2079303,1.87,75.6141934,99.885558,100.1140419
7.2,81.98690935,99.85152852,41.6,101.0994476,2.04,76.48754849,99.93930975,100.15199
8.6,82.20209809,100.0032969,41.7,100.930708,1.91,75.34689523,99.91414661,100.1535225
6.8,85.3223348,100.1582565,41.6,100.7293662,1.64,72.17181634,99.83114418,100.1213778
1.4,78.75907827,100.3173325,41.7,100.52461,1.46,70.76199177,99.72685669,100.0611908
0,77.79072895,100.4784876,41.7,100.3489098,1.37,72.79950811,99.64724917,99.98316843
1.4,79.94261634,100.6390923,41.5,100.2333752,1.55,75.03520347,99.6166138,99.89946649
3.6,84.24639111,100.7934394,41.5,100.2447558,1.58,77.42224915,99.64635592,99.82272553
1,88.87294898,100.9319619,41.5,100.3423985,1.59,77.60918929,99.71274744,99.76490248
-2.4,88.98054335,101.046715,41.5,100.4907744,1.49,76.13492844,99.79928739,99.73491952
-0.4,78.43629517,101.1337406,41.7,100.6615766,1.56,78.39356986,99.90828441,99.7348384
5.8,79.40464449,101.1874919,41.6,100.8030122,1.77,81.92726287,100.0352465,99.75389057
9.2,83.49323052,101.2089416,41.9,100.9137792,1.83,83.34364345,100.165067,99.77793616
5,84.56917421,101.199277,41.9,100.9861017,1.82,84.6809772,100.2742012,99.79736197
0.8,82.20209809,101.1651626,41.8,101.0704389,1.61,85.15525818,100.3763814,99.81446049
0.4,90.917242,101.1190598,41.7,101.1527024,1.82,88.41659553,100.4775683,99.83651214
4.6,90.48686452,101.0681358,41.8,101.1862889,2.21,86.20319063,100.5573842,99.86890686
7.6,91.56280821,101.0194724,41.7,101.16203,2.49,88.49966962,100.6054917,99.90778438
11.2,88.33497714,100.976598,41.9,101.1704455,2.66,88.94304367,100.6335187,99.94372695
10.8,83.38563615,100.9407951,41.8,101.2105388,2.73,90.11507214,100.6446422,99.96484308
10.8,78.75907827,100.9115696,41.9,101.2366782,2.53,92.1681356,100.6476979,99.95993499
12,80.80337129,100.884211,42,101.2365793,2.64,94.6492133,100.6508983,99.92316508
11.8,88.76535461,100.8525143,41.9,101.1881825,2.81,95.09108883,100.6445296,99.86043178
4.2,87.36662781,100.8180593,41.6,101.1289472,2.79,95.98233247,100.6338326,99.79782852
9.6,87.79700529,100.7851292,41.6,101.116678,2.64,95.36447472,100.6490693,99.76712513
10.2,86.07549538,100.7534814,42,101.1443621,2.64,97.53704501,100.6905059,99.79128391
10.8,90.48686452,100.722742,41.9,101.191842,2.62,98.45526198,100.7420331,99.8676605
11.6,88.1197884,100.6921242,42.1,101.2230993,2.47,99.7269419,100.7873548,99.98045157
10.6,88.76535461,100.6633128,42.1,101.2310949,2.5,102.133843,100.8207723,100.1091419
11.2,87.47422218,100.6377033,42,101.1910251,2.45,102.8773889,100.8379548,100.2342131
16.2,88.76535461,100.6130733,42,101.0873827,2.33,101.528348,100.8412933,100.3404121
11.6,91.02483637,100.5911201,42.1,100.9200059,2.44,102.3879354,100.8319721,100.4201984
14.6,93.49950686,100.5714942,42.1,100.7045932,2.21,98.07210963,100.8067615,100.4784343
15,95.54379987,100.5538739,42.2,100.4746141,2.24,102.2601868,100.7658544,100.5245548
9.8,100.7083296,100.5399904,42.1,100.2666274,2.09,101.3765294,100.7042751,100.5661835
7.8,105.5500762,100.5305762,42,100.1035415,1.77,100.0790937,100.6229594,100.6035567
6.6,102.6450282,100.5276953,42,99.99202192,1.87,102.7755833,100.5278459,100.6323897
4.6,100.0627634,100.535629,41.8,99.93552425,1.93,102.2537244,100.4282227,100.6469821
3.2,103.1830001,100.5506484,41.8,99.89919808,1.82,103.8488033,100.3288708,100.6438717
6.2,97.58809289,100.5642567,41.8,99.87275178,2.08,104.4068139,100.2237632,100.6208232
6.2,103.3981888,100.5727757,41.8,99.86475328,2.23,103.1632312,100.1092684,100.5770435
3.8,100.1703578,100.5715788,41.8,99.84143276,2.19,101.6938406,99.9663038,100.5147802
2,98.87922532,100.5600152,41.8,99.80696275,2.03,98.64014165,99.80579919,100.4379352
0,93.82228997,100.5383367,41.8,99.77407779,2.03,93.22412258,99.65112154,100.3519832
-1.2,96.83493231,100.5077411,41.8,99.75548371,1.95,96.70030996,99.52372305,100.26492
-3.2,98.23365911,100.4726523,41.8,99.73013981,2.14,97.66067275,99.41664335,100.1844585
-4,99.63238591,100.4341494,41.8,99.69558008,2,95.55366264,99.32338332,100.1153261
-3.6,98.98681969,100.3950134,41.9,99.65790169,1.75,89.20781309,99.2473445,100.0561041
-1,98.66403658,100.3574902,41.8,99.5944843,1.4,88.24098794,99.195092,100.0033441
3.6,97.910876,100.3231243,41.8,99.52238363,1.53,94.19506866,99.17562052,99.95493111
1.6,95.75898861,100.2929933,41.8,99.43628432,1.44,96.83751802,99.173046,99.91294911
2.6,101.8918677,100.2667138,41.9,99.32477022,1.44,96.83658145,99.17300727,99.88100397
6.4,100.6007352,100.2441897,41.8,99.227341,1.26,97.52458857,99.1698367,99.86108965
5.2,96.83493231,100.2234167,42,99.20515845,1.11,99.99920391,99.18000703,99.84973495
-1.2,96.61974357,100.2030049,41.8,99.24770149,1.16,101.0479793,99.21568801,99.84121888
3,98.12606474,100.1838074,41.9,99.32419129,1.23,100.230163,99.28994093,99.83013487
3.8,93.82228997,100.1656893,41.9,99.40328561,1.36,99.0518595,99.40032541,99.81372148
6.4,100.9235183,100.1430434,41.8,99.43704711,1.73,99.85422229,99.53545505,99.79128916
9.4,105.6576706,100.1158141,41.9,99.46133917,1.95,103.8436521,99.6750808,99.76401389
12,105.9804537,100.0818509,41.9,99.4938176,1.78,105.0235478,99.78865609,99.735148
15.4,103.6133776,100.0416687,41.9,99.54313267,1.76,106.9744311,99.86386658,99.70925521
14.4,104.2589438,99.99708213,41.8,99.60228978,1.69,107.7979604,99.90028236,99.6915575
9.6,104.3665382,99.95384643,42,99.66923385,1.4,107.274322,99.91249899,99.68706929
9.8,104.4741325,99.91664708,41.9,99.72591755,1.39,108.3879083,99.91898783,99.70067912
15.6,102.3222451,99.88883566,42,99.77071568,1.15,109.9261371,99.93310182,99.73627969
12.6,100.4931409,99.86994571,41.9,99.79364359,1.17,111.184705,99.9609752,99.7945925
17.6,104.1513494,99.85978059,42,99.8581682,1.05,110.952622,100.0254297,99.87412111
21.6,102.3222451,99.85724191,41.9,99.97221107,1.05,112.8619214,100.1181574,99.97044704
17.4,108.3475298,99.85900422,42,100.1175905,1.21,115.6323067,100.2282691,100.0739733
16.4,105.9804537,99.85911467,42,100.2815477,1.19,115.9485877,100.340088,100.1734784
19.4,103.1830001,99.85275277,41.8,100.4410085,1.1,119.0448071,100.4507911,100.2591388
18.2,102.9678114,99.83716479,41.9,100.57693,1.17,124.2431664,100.5602203,100.3258299
21.6,107.2715861,99.80858838,42.2,100.7209981,1.44,119.4891177,100.6603329,100.3712319
18.6,109.1006904,99.76480071,42.2,100.8531828,1.33,118.0817282,100.7256106,100.3952837
14.6,106.3032368,99.70537361,42.3,100.9384088,1.18,117.4013074,100.7485295,100.4011601
17.4,105.4424818,99.63225521,42.1,100.9809769,1.28,118.3035089,100.7376836,100.3921143
20.4,105.6576706,99.54836526,42.2,100.9810376,1.09,118.5999345,100.6992172,100.3696537
16.2,105.3348875,99.46000787,42.2,100.9528893,0.98,119.5295777,100.635077,100.3328235
22.6,103.5057832,99.37152042,42.1,100.916003,0.98,121.2815327,100.5477669,100.2804556
19.6,107.7019636,99.28604091,42,100.8396182,1.05,122.2611889,100.4237125,100.214474
15.4,106.0880481,99.20825411,42.1,100.7098393,0.96,117.4184467,100.2577665,100.144328
18.6,104.90451,99.14390597,41.9,100.5483941,0.92,115.5293773,100.0644993,100.0826283
8.6,105.765265,99.0983297,42.1,100.368001,0.56,108.7552325,99.86458476,100.0411736
13.2,98.12606474,99.07531301,42,100.1588678,0.31,111.1661608,99.67846204,100.026466
8.2,100.9235183,99.07449845,41.7,99.93837234,0.28,117.223452,99.52255239,100.0420589
10.6,105.8728593,99.0958233,41.7,99.72908177,0.16,118.282998,99.39840449,100.0890151
5.6,104.5817269,99.13658885,41.6,99.5197828,0.11,121.0378362,99.28609564,100.16422
4.2,107.5943692,99.19309405,41.6,99.32157756,0.01,118.642455,99.18204349,100.2623899
3.4,105.6576706,99.26221059,41.7,99.16153047,-0.31,120.1734722,99.08659758,100.3760702
2.4,105.8728593,99.3421731,41.5,99.041295,-0.34,123.430033,99.00670631,100.4940045
-1.8,96.61974357,99.42999349,41.5,98.94013962,-0.5,118.2840282,98.95328608,100.6047659
-4.4,100.2779521,99.5207448,41.4,98.85237096,-0.34,121.7589044,98.95262586,100.700119
-3.4,102.7526226,99.61136839,41.4,98.78916224,-0.12,121.3509328,99.00222652,100.7789281
-3.8,104.1513494,99.69793291,41.4,98.76702065,0.26,125.8870408,99.07917249,100.8423312
-5.6,106.8412086,99.77571236,41.4,98.80831471,0.31,128.5203117,99.15397732,100.8901228
1.8,107.3791805,99.83946795,41.3,98.88483098,0.21,130.9052033,99.19200529,100.9182812
0.2,108.6703129,99.88943747,41.5,98.92441304,-0.08,128.6935779,99.16587094,100.9194083
-1.8,95.86658298,99.93133864,41.2,96.38096742,0.22,100.4580314,97.91264367,95.57894802
-17,77.25275711,96.55890428,38.4,93.0489209,0.61,101.8040753,93.40036059,93.23745063
-13.8,77.79072895,97.61730926,39.4,94.90622864,0.62,105.6555478,94.92004614,92.03043901
5.2,84.03120237,99.14581515,39.9,96.52474901,0.65,113.1662142,96.57372334,93.92283175
7.6,78.00591769,100.1326434,40.7,98.48145835,0.53,115.0943387,97.96067949,95.79592171
10.8,79.7274276,100.1984405,41.1,98.49819948,0.55,120.6380128,98.60253165,97.64650359
11,86.50587286,100.2705668,41.2,98.59819281,0.59,119.7455516,98.86027202,97.79244097
17.4,88.01219403,100.3463646,41.3,98.75952621,0.7,121.4710952,99.17934385,97.93888582
14.6,82.74006994,100.4218479,41.3,98.95870367,0.78,128.247956,99.53193186,98.09677753
20.4,86.82865597,100.4938023,41.4,99.1820838,0.84,134.5940866,99.90528132,98.37775742
18.6,84.99955169,100.5596621,41.6,99.40416636,0.99,138.8357357,100.2415096,98.6775108
21.6,82.63247557,100.6203014,41.4,99.58993056,1.18,142.3429237,100.5785032,98.96553214
27.9,91.34761947,100.6784754,41.6,99.73605306,1.54,144.9648621,100.8735938,99.18285066
22,95.00582803,100.7329914,41.6,99.85130162,1.57,150.2860062,101.1200636,99.36457893
23.8,89.19573209,100.7860062,41.6,99.95121464,1.56,153.5066026,101.1925045,99.51667858
22.2,91.99318569,100.8359049,41.4,100.0373554,1.44,155.2178166,101.1989414,99.69485355
20,87.36662781,100.881272,41.5,100.1112634,1.22,154.7849322,101.153983,99.88667357
19.2,75.63884157,100.9218871,41.4,100.182923,1.19,156.6077858,101.0879493,100.0812504
21.4,78.3287008,100.9565233,41.4,100.2552866,1.29,155.1209749,101.0321975,100.2619995
20.8,77.14516274,100.9820905,41.3,100.3466221,1.5,156.8541047,100.9915668,100.3991466
21.6,72.51860486,100.9926018,41.4,100.4551576,1.48,159.9428315,100.9584607,100.4614802
17.2,75.96162467,100.9799886,41.4,100.5633977,1.39,157.3382198,100.9148586,100.4313061
15.2,72.30341612,100.9379027,41.1,100.6455784,1.68,158.1003099,100.842677,100.3245857
16.8,67.56926388,100.8639285,41.5,100.6883219,1.85,155.2734491,100.7346207,100.1727651
14,63.91105532,100.7569267,41.5,100.7088114,1.93,152.9557099,100.5773185,100.0100087
11.8,70.15152874,100.6208335,41.3,100.7220177,2.42,153.5938913,100.3698226,99.86384656
12.2,62.83511163,100.4619265,41.2,100.7152387,2.13,144.4182776,100.1154847,99.75415701
6.2,53.79718461,100.2919997,41,100.6843121,1.93,139.7295081,99.85154428,99.69104978
5.4,55.41110015,100.1209505,41.1,100.6226514,1.22,137.4873504,99.62102804,99.67014953
5.8,62.61992289,99.95786325,41,100.5403035,0.57,144.2186001,99.43736485,99.68077858
2,63.05030037,99.80632835,41.1,100.4482545,0.96,135.1334594,99.28658608,99.71102159
0.4,64.3414328,99.66921143,41,100.3546583,0.9,131.9778613,99.16006659,99.75050197
-2,61.11360172,99.54820435,40.8,100.2684183,0.11,142.0908917,99.05987904,99.79136037
-3.2,64.23383843,99.4440812,40.6,100.2129532,-0.48,143.1929581,98.99737225,99.82856209
-5.2,69.82874563,99.35664557,40.9,100.1768803,-0.8,147.0180192,98.96816558,99.8600891
-4.6,71.98063301,99.28325411,40.7,100.1775565,-0.82,148.2392178,98.9567266,99.88584124
-7.4,66.70850892,99.2187353,40.6,100.2369375,-0.99,141.1345562,98.966401,99.90692275
-5.8,68.5376132,99.15950916,40.7,100.332756,-1.37,145.1760595,99.01366339,99.92532186
-6.2,63.48067784,99.1010428,40.7,100.421441,-1.49,142.470766,99.09775974,99.9430442
-8,69.07558504,99.03778062,40.8,100.4706129,-1.33,145.8343772,99.2107307,108.7399359
-7.2,76.929974,98.96959377,40.7,100.4609701,-1.22,150.7520454,99.32253553,108.9368814
-4.8,74.67049224,98.89734516,40.7,100.4399204,-1.16,149.6733933,99.41503524,109.1341803
